Month,Predicted_Sales
Month 731,500.4945487344269
Month 732,500.76304196222947
Month 733,501.031535190032
Month 734,501.30002841783454
Month 735,501.568521645637
Month 736,501.83701487343956
